name,album,artist,release_date,length,popularity,danceability,acousticness,danceability,energy,instrumentalness,liveness,loudness,speechiness,tempo,time_signature
willow,evermore,Taylor Swift,2020-12-10,214706,81,0.392,0.835,0.392,0.579,0.00179,0.145,-9.195,0.164,80.961,4
willow - moonlit witch version,willow (moonlit witch version),Taylor Swift,2020-12-16,208866,55,0.36,0.411,0.36,0.643,0.000241,0.136,-8.608,0.221,81.551,4
willow - lonely witch version,willow (lonely witch version),Taylor Swift,2020-12-15,214653,59,0.41,0.892,0.41,0.381,0,0.148,-9.083,0.0548,80.855,4
willow - dancing witch version (Elvira remix),willow [dancing witch version (Elvira remix)],Taylor Swift,2020-12-13,184819,67,0.429,0.449,0.429,0.567,1.5e-05,0.536,-10.157,0.272,83.922,4
champagne problems,evermore,Taylor Swift,2020-12-10,244000,70,0.463,0.92,0.463,0.248,0,0.113,-12.036,0.0374,171.346,4
gold rush,evermore,Taylor Swift,2020-12-10,185320,68,0.498,0.811,0.498,0.471,0.113,0.121,-10.406,0.0411,112.018,4
â€˜tis the damn season,evermore,Taylor Swift,2020-12-10,229840,72,0.575,0.737,0.575,0.435,5.38e-05,0.105,-8.193,0.0311,145.91,4
tolerate it,evermore,Taylor Swift,2020-12-10,245440,67,0.373,0.878,0.373,0.36,1.54e-05,0.079,-10.376,0.0387,147.442,5
"no body, no crime (feat. HAIM)",evermore,Taylor Swift,2020-12-10,215626,73,0.547,0.431,0.547,0.613,0,0.102,-7.577,0.0264,79.011,4
happiness,evermore,Taylor Swift,2020-12-10,315146,66,0.558,0.861,0.558,0.331,0,0.113,-10.649,0.0381,122.035,4
dorothea,evermore,Taylor Swift,2020-12-10,225880,66,0.607,0.694,0.607,0.488,0,0.129,-8.329,0.0264,119.953,4
coney island (feat. The National),evermore,Taylor Swift,2020-12-10,275320,67,0.529,0.826,0.529,0.536,0.00082,0.141,-11.269,0.0627,107.873,4
ivy,evermore,Taylor Swift,2020-12-10,260440,66,0.329,0.848,0.329,0.547,1.11e-05,0.088,-9.514,0.0397,86.629,4
cowboy like me,evermore,Taylor Swift,2020-12-10,275040,65,0.605,0.774,0.605,0.513,0.000177,0.123,-8.962,0.0337,127.986,4
long story short,evermore,Taylor Swift,2020-12-10,215920,67,0.546,0.674,0.546,0.732,0.184,0.0972,-7.715,0.0423,157.893,4
marjorie,evermore,Taylor Swift,2020-12-10,257773,66,0.535,0.878,0.535,0.562,0.000132,0.114,-11.615,0.0479,96.103,4
closure,evermore,Taylor Swift,2020-12-10,180653,65,0.686,0.832,0.686,0.705,4.55e-06,0.134,-10.823,0.249,151.868,5
evermore (feat. Bon Iver),evermore,Taylor Swift,2020-12-10,304106,68,0.395,0.937,0.395,0.27,0.00249,0.111,-10.672,0.0309,120.94,5
cardigan,folklore,Taylor Swift,2020-07-24,239560,82,0.613,0.537,0.613,0.581,0.000345,0.25,-8.588,0.0424,130.033,4
exile (feat. Bon Iver),folklore,Taylor Swift,2020-07-24,285634,81,0.298,0.778,0.298,0.38,5.62e-05,0.11,-8.426,0.0287,75.602,4
betty,folklore,Taylor Swift,2020-07-24,294521,75,0.593,0.6,0.593,0.377,0,0.0976,-8.761,0.0253,95.939,4
august,folklore,Taylor Swift,2020-07-24,261922,77,0.532,0.538,0.532,0.623,7.28e-05,0.0925,-9.208,0.0331,89.937,4
this is me trying,folklore,Taylor Swift,2020-07-24,195097,73,0.515,0.314,0.515,0.476,4.74e-05,0.171,-9.843,0.0328,135.886,4
the 1,folklore,Taylor Swift,2020-07-24,210251,79,0.777,0.757,0.777,0.357,7.28e-06,0.108,-6.942,0.0522,139.883,4
the last great american dynasty,folklore,Taylor Swift,2020-07-24,230999,75,0.686,0.467,0.686,0.662,0.0023,0.109,-8.505,0.0413,147.922,4
my tears ricochet,folklore,Taylor Swift,2020-07-24,255893,75,0.456,0.806,0.456,0.263,0,0.0749,-10.63,0.0332,129.86,4
mirrorball,folklore,Taylor Swift,2020-07-24,208977,73,0.553,0.687,0.553,0.413,2.33e-06,0.0594,-10.037,0.0334,110.107,4
seven,folklore,Taylor Swift,2020-07-24,208906,73,0.596,0.9,0.596,0.488,2.7e-05,0.091,-10.769,0.0274,94.926,4
illicit affairs,folklore,Taylor Swift,2020-07-24,190898,73,0.559,0.881,0.559,0.31,0,0.106,-10.445,0.0338,119.845,4
invisible string,folklore,Taylor Swift,2020-07-24,252880,75,0.653,0.838,0.653,0.452,7.73e-05,0.108,-11.143,0.055,83.433,4
mad woman,folklore,Taylor Swift,2020-07-24,237258,71,0.592,0.655,0.592,0.699,1.68e-05,0.114,-8.995,0.0471,141.916,4
epiphany,folklore,Taylor Swift,2020-07-24,289749,71,0.354,0.731,0.354,0.267,0.000402,0.0858,-13.69,0.0281,94.219,4
peace,folklore,Taylor Swift,2020-07-24,234000,71,0.647,0.918,0.647,0.272,1.73e-05,0.0918,-12.906,0.0916,150.044,4
hoax,folklore,Taylor Swift,2020-07-24,220042,70,0.662,0.966,0.662,0.181,3.86e-06,0.133,-15.065,0.0415,118.819,4
cardigan - cabin in candlelight version,cardigan (cabin in candlelight version),Taylor Swift,2020-07-30,228000,61,0.652,0.9,0.652,0.237,0,0.0991,-8.364,0.0335,129.976,4
the lakes - bonus track,folklore (deluxe version),Taylor Swift,2020-08-18,211813,68,0.313,0.842,0.313,0.258,1.3e-06,0.0948,-11.532,0.0383,179.947,4
the 1 - the long pond studio sessions,folklore: the long pond studio sessions (from the Disney+ special) [deluxe edition],Taylor Swift,2020-11-25,219893,58,0.708,0.898,0.708,0.25,0.026,0.102,-10.731,0.0361,139.803,4
cardigan - the long pond studio sessions,folklore: the long pond studio sessions (from the Disney+ special) [deluxe edition],Taylor Swift,2020-11-25,230680,58,0.395,0.88,0.395,0.234,0,0.107,-9.704,0.0382,86.478,3
the last great american dynasty - the long pond studio sessions,folklore: the long pond studio sessions (from the Disney+ special) [deluxe edition],Taylor Swift,2020-11-25,232346,57,0.64,0.743,0.64,0.618,0.004,0.0574,-11.715,0.0379,147.948,4
exile (feat. Bon Iver) - the long pond studio sessions,folklore: the long pond studio sessions (from the Disney+ special) [deluxe edition],Taylor Swift,2020-11-25,279893,62,0.359,0.848,0.359,0.305,6.74e-05,0.111,-10.295,0.0306,151.956,4
my tears ricochet - the long pond studio sessions,folklore: the long pond studio sessions (from the Disney+ special) [deluxe edition],Taylor Swift,2020-11-25,295173,58,0.531,0.946,0.531,0.172,1.01e-05,0.0615,-12.34,0.0351,129.007,4
mirrorball - the long pond studio sessions,folklore: the long pond studio sessions (from the Disney+ special) [deluxe edition],Taylor Swift,2020-11-25,237373,57,0.509,0.78,0.509,0.386,3.45e-05,0.118,-8.434,0.0272,109.993,4
seven - the long pond studio sessions,folklore: the long pond studio sessions (from the Disney+ special) [deluxe edition],Taylor Swift,2020-11-25,208986,56,0.694,0.914,0.694,0.449,0.000126,0.1,-11.49,0.0301,94.963,4
august - the long pond studio sessions,folklore: the long pond studio sessions (from the Disney+ special) [deluxe edition],Taylor Swift,2020-11-25,260000,59,0.554,0.5,0.554,0.663,4.77e-05,0.791,-8.961,0.0324,89.977,4
this is me trying - the long pond studio sessions,folklore: the long pond studio sessions (from the Disney+ special) [deluxe edition],Taylor Swift,2020-11-25,209293,57,0.435,0.928,0.435,0.332,0.000898,0.0867,-11.611,0.031,68.097,3
illicit affairs - the long pond studio sessions,folklore: the long pond studio sessions (from the Disney+ special) [deluxe edition],Taylor Swift,2020-11-25,183720,56,0.489,0.883,0.489,0.235,0,0.113,-10.274,0.0356,117.699,4
invisible string - the long pond studio sessions,folklore: the long pond studio sessions (from the Disney+ special) [deluxe edition],Taylor Swift,2020-11-25,257359,56,0.59,0.942,0.59,0.282,4.85e-06,0.11,-10.542,0.0281,83.438,4
mad woman - the long pond studio sessions,folklore: the long pond studio sessions (from the Disney+ special) [deluxe edition],Taylor Swift,2020-11-25,238333,55,0.663,0.887,0.663,0.465,0.000168,0.109,-10.463,0.0408,141.834,4
epiphany - the long pond studio sessions,folklore: the long pond studio sessions (from the Disney+ special) [deluxe edition],Taylor Swift,2020-11-25,274880,54,0.524,0.916,0.524,0.2,0.000392,0.068,-13.004,0.0274,93.87,4
betty - the long pond studio sessions,folklore: the long pond studio sessions (from the Disney+ special) [deluxe edition],Taylor Swift,2020-11-25,290040,55,0.538,0.841,0.538,0.316,0,0.119,-9.5,0.0299,95.68,4
peace - the long pond studio sessions,folklore: the long pond studio sessions (from the Disney+ special) [deluxe edition],Taylor Swift,2020-11-25,214373,54,0.619,0.93,0.619,0.344,7.61e-05,0.0734,-11.472,0.0647,149.897,4
hoax - the long pond studio sessions,folklore: the long pond studio sessions (from the Disney+ special) [deluxe edition],Taylor Swift,2020-11-25,221800,54,0.682,0.962,0.682,0.155,0,0.18,-13.083,0.0394,118.832,4
the lakes - the long pond studio sessions,folklore: the long pond studio sessions (from the Disney+ special) [deluxe edition],Taylor Swift,2020-11-25,199733,56,0.606,0.794,0.606,0.221,0,0.0888,-11.767,0.0468,89.844,4
Daylight - Live From Paris,Daylight (Live From Paris),Taylor Swift,2020-05-17,262320,51,0.49,0.794,0.49,0.228,0,0.733,-10.504,0.0361,75.858,4
Cornelia Street - Live From Paris,Cornelia Street (Live From Paris),Taylor Swift,2020-05-18,296013,62,0.502,0.578,0.502,0.462,0,0.721,-7.526,0.0265,97.085,4
the 1 - the long pond studio sessions,folklore: the long pond studio sessions (from the Disney+ special) [deluxe edition],Taylor Swift,2020-11-25,219893,58,0.708,0.898,0.708,0.25,0.026,0.102,-10.731,0.0361,139.803,4
hoax - the long pond studio sessions,folklore: the long pond studio sessions (from the Disney+ special) [deluxe edition],Taylor Swift,2020-11-25,221800,54,0.682,0.962,0.682,0.155,0,0.18,-13.083,0.0394,118.832,4
The Man,Lover,Taylor Swift,2019-08-23,190360,77,0.777,0.0767,0.777,0.658,0,0.0901,-5.191,0.054,110.048,4
I Forgot That You Existed,Lover,Taylor Swift,2019-08-23,170640,73,0.664,0.298,0.664,0.316,2.03e-06,0.0812,-10.345,0.519,92.875,4
Cruel Summer,Lover,Taylor Swift,2019-08-23,178426,74,0.552,0.117,0.552,0.702,2.06e-05,0.105,-5.707,0.157,169.994,4
Lover,Lover,Taylor Swift,2019-08-23,221306,78,0.359,0.492,0.359,0.543,1.58e-05,0.118,-7.582,0.0919,68.534,4
The Man,Lover,Taylor Swift,2019-08-23,190360,77,0.777,0.0767,0.777,0.658,0,0.0901,-5.191,0.054,110.048,4
The Archer,Lover,Taylor Swift,2019-08-23,211240,68,0.292,0.12,0.292,0.574,0.00569,0.0663,-9.375,0.0401,124.344,4
I Think He Knows,Lover,Taylor Swift,2019-08-23,173386,68,0.897,0.00889,0.897,0.366,0.000353,0.0715,-8.029,0.0569,100.003,4
Miss Americana & The Heartbreak Prince,Lover,Taylor Swift,2019-08-23,234146,68,0.662,0.028,0.662,0.747,0.00615,0.138,-6.926,0.0736,150.088,4
Paper Rings,Lover,Taylor Swift,2019-08-23,222400,73,0.811,0.0129,0.811,0.719,1.36e-05,0.0742,-6.553,0.0497,103.979,4
Cornelia Street,Lover,Taylor Swift,2019-08-23,287266,69,0.824,0.781,0.824,0.624,0.000189,0.1,-9.728,0.0827,102.012,4
Death By A Thousand Cuts,Lover,Taylor Swift,2019-08-23,198533,69,0.712,0.454,0.712,0.732,0,0.319,-6.754,0.0629,94.071,4
London Boy,Lover,Taylor Swift,2019-08-23,190240,68,0.695,0.0246,0.695,0.71,0.000104,0.133,-6.639,0.05,157.925,4
Soon Youâ€™ll Get Better (feat. The Chicks),Lover,Taylor Swift,2019-08-23,201586,66,0.433,0.907,0.433,0.182,0,0.123,-12.566,0.0641,207.476,4
False God,Lover,Taylor Swift,2019-08-23,200306,67,0.739,0.736,0.739,0.32,0.000147,0.111,-10.862,0.239,79.97,4
You Need To Calm Down,Lover,Taylor Swift,2019-08-23,171360,79,0.771,0.00929,0.771,0.671,0,0.0637,-5.617,0.0553,85.026,4
Afterglow,Lover,Taylor Swift,2019-08-23,223293,68,0.756,0.13,0.756,0.449,0,0.114,-8.746,0.0344,111.011,4
ME! (feat. Brendon Urie of Panic! At The Disco),Lover,Taylor Swift,2019-08-23,193000,79,0.61,0.033,0.61,0.83,0,0.118,-4.105,0.0571,182.162,4
Itâ€™s Nice To Have A Friend,Lover,Taylor Swift,2019-08-23,150440,64,0.737,0.971,0.737,0.175,0.000337,0.171,-9.912,0.0401,70.008,4
Daylight,Lover,Taylor Swift,2019-08-23,293453,66,0.557,0.808,0.557,0.496,0.000173,0.0772,-9.602,0.0563,149.983,4
Lover - First Dance Remix,Lover (First Dance Remix),Taylor Swift,2019-11-26,233466,51,0.506,0.687,0.506,0.425,1.08e-06,0.158,-8.198,0.0343,68.449,4
You Need To Calm Down - Clean Bandit Remix,You Need To Calm Down (Clean Bandit Remix),Taylor Swift,2019-08-20,152773,53,0.726,0.072,0.726,0.88,0.000462,0.0906,-4.137,0.0581,95.037,4
ME! - Live From Paris,ME! (Live From Paris),Taylor Swift,2020-05-17,213026,45,0.545,0.0428,0.545,0.935,0.000514,0.976,-6.584,0.0456,91.014,4
The Archer - Live From Paris,The Archer (Live From Paris),Taylor Swift,2020-05-17,210960,46,0.473,0.167,0.473,0.54,0.00213,0.858,-9.085,0.0425,125.022,4
Death By A Thousand Cuts - Live From Paris,Death By A Thousand Cuts (Live From Paris),Taylor Swift,2020-05-17,199066,59,0.584,0.712,0.584,0.655,0,0.97,-5.551,0.0306,91.844,4
Cornelia Street - Live From Paris,Cornelia Street (Live From Paris),Taylor Swift,2020-05-18,296013,62,0.502,0.578,0.502,0.462,0,0.721,-7.526,0.0265,97.085,4
The Man - Live From Paris,The Man (Live From Paris),Taylor Swift,2020-02-18,219385,57,0.343,0.672,0.343,0.864,0,0.962,-5.871,0.0875,90.905,3
Daylight - Live From Paris,Daylight (Live From Paris),Taylor Swift,2020-05-17,262320,51,0.49,0.794,0.49,0.228,0,0.733,-10.504,0.0361,75.858,4
You Need To Calm Down - Live From Paris,You Need To Calm Down (Live From Paris),Taylor Swift,2020-05-17,203960,45,0.595,0.0637,0.595,0.832,2.25e-05,0.818,-6.467,0.0463,85.01,4
Lover - Live From Paris,Lover (Live From Paris),Taylor Swift,2020-05-17,229733,47,0.277,0.168,0.277,0.605,0.00246,0.954,-7.076,0.0398,68.541,4
Only The Young - Featured in Miss Americana,Only The Young (Featured in Miss Americana),Taylor Swift,2020-01-31,157507,66,0.56,0.00244,0.56,0.78,0,0.0714,-4.895,0.0517,93.516,4
Lover (Remix) [feat. Shawn Mendes],Lover (Remix) [feat. Shawn Mendes],Taylor Swift,2019-11-13,221306,73,0.448,0.433,0.448,0.603,0,0.0862,-7.176,0.064,205.272,3
"Beautiful Ghosts - From The Motion Picture Soundtrack ""Cats""","Beautiful Ghosts (From The Motion Picture ""Cats"")",Taylor Swift,2019-11-15,261061,50,0.368,0.85,0.368,0.238,0,0.0974,-8.976,0.0599,187.051,3
Christmas Tree Farm,Christmas Tree Farm,Taylor Swift,2019-12-06,228026,76,0.598,0.06,0.598,0.68,0,0.324,-4.505,0.0331,134.002,4
...Ready For It?,reputation,Taylor Swift,2017-11-10,208186,71,0.613,0.0527,0.613,0.764,0,0.197,-6.509,0.136,160.015,4
Blank Space,1989 (Deluxe Edition),Taylor Swift,2014-10-27,231826,59,0.76,0.103,0.76,0.703,0,0.0913,-5.412,0.054,95.997,4
Bad Blood,Bad Blood,Taylor Swift,2015-05-17,200106,66,0.654,0.0294,0.654,0.655,0,0.139,-7.388,0.106,170.16,4
Shake It Off,1989 (Deluxe Edition),Taylor Swift,2014-10-27,219200,56,0.647,0.0647,0.647,0.8,0,0.334,-5.384,0.165,160.078,4
You Belong With Me,Fearless Platinum Edition,Taylor Swift,2008-11-11,231146,56,0.687,0.164,0.687,0.771,2.46e-05,0.112,-4.424,0.0384,129.964,4
We Are Never Ever Getting Back Together,Red (Deluxe Edition),Taylor Swift,2012-10-22,191880,57,0.628,0.00957,0.628,0.676,2.65e-05,0.102,-5.911,0.0916,85.984,4
Mean,Speak Now (Deluxe Edition),Taylor Swift,2010-10-25,237733,53,0.568,0.452,0.568,0.761,0,0.217,-3.987,0.0459,163.974,4
I Knew You Were Trouble.,Red (Deluxe Edition),Taylor Swift,2012-10-22,217973,58,0.622,0.00454,0.622,0.469,2.25e-06,0.0398,-6.798,0.0363,77.019,4
22,Red (Deluxe Edition),Taylor Swift,2012-10-22,230133,60,0.658,0.00215,0.658,0.729,0.0013,0.0752,-6.561,0.0378,104.007,4
End Game,reputation,Taylor Swift,2017-11-10,244826,70,0.649,0.00845,0.649,0.589,0,0.108,-6.237,0.0558,159.073,4
End Game,reputation,Taylor Swift,2017-11-10,244826,70,0.649,0.00845,0.649,0.589,0,0.108,-6.237,0.0558,159.073,4
The Story Of Us,Speak Now (Deluxe Edition),Taylor Swift,2010-10-25,265666,55,0.543,0.00478,0.543,0.818,0.000368,0.0357,-3.611,0.0398,139.898,4
Style,1989 (Deluxe Edition),Taylor Swift,2014-10-27,231000,58,0.588,0.00245,0.588,0.791,0.00258,0.118,-5.595,0.0402,94.933,4
Speak Now,Speak Now (Deluxe Edition),Taylor Swift,2010-10-25,240760,53,0.709,0.095,0.709,0.599,0,0.0973,-3.734,0.0304,118.975,4
Out Of The Woods,1989 (Deluxe Edition),Taylor Swift,2014-10-27,235800,57,0.553,0.000743,0.553,0.841,1.19e-05,0.341,-6.937,0.0396,92.008,4
Wildest Dreams,1989 (Deluxe Edition),Taylor Swift,2014-10-27,220440,57,0.55,0.0692,0.55,0.688,0.00144,0.106,-7.416,0.0897,139.997,4
Love Story,Fearless Platinum Edition,Taylor Swift,2008-11-11,235280,55,0.618,0.157,0.618,0.736,0,0.073,-3.937,0.0308,118.982,4
I Donâ€™t Wanna Live Forever (Fifty Shades Darker),Fifty Shades Darker (Original Motion Picture Soundtrack),Various Artists,2017-02-10,245653,67,0.734,0.0594,0.734,0.442,1.63e-05,0.213,-8.432,0.0557,117.967,4
Picture To Burn,Taylor Swift,Taylor Swift,2006-10-24,173066,62,0.658,0.173,0.658,0.877,0,0.0962,-2.098,0.0323,105.586,4
Ours,Speak Now (Deluxe Edition),Taylor Swift,2010-10-25,237920,55,0.608,0.537,0.608,0.569,0,0.097,-7.227,0.0284,159.845,4
All Too Well,Red (Deluxe Edition),Taylor Swift,2012-10-22,327893,69,0.602,0.0382,0.602,0.609,0.0002,0.127,-7.803,0.0243,93.06,4
White Horse,Fearless Platinum Edition,Taylor Swift,2008-11-11,234440,50,0.585,0.302,0.585,0.346,0,0.102,-8.014,0.0256,92.564,4
Look What You Made Me Do,reputation,Taylor Swift,2017-11-10,211853,75,0.766,0.204,0.766,0.709,1.41e-05,0.126,-6.471,0.123,128.07,4
Mine,Speak Now (Deluxe Edition),Taylor Swift,2010-10-25,230706,55,0.624,0.00265,0.624,0.757,1.87e-06,0.189,-2.94,0.0296,121.07,4
Delicate,reputation,Taylor Swift,2017-11-10,232253,76,0.75,0.216,0.75,0.404,0.000357,0.0911,-10.178,0.0682,95.045,4
Our Song,Taylor Swift,Taylor Swift,2006-10-24,201106,66,0.668,0.111,0.668,0.672,0,0.329,-4.931,0.0303,89.011,4
Fearless,Fearless Platinum Edition,Taylor Swift,2008-11-11,242000,50,0.598,0.0364,0.598,0.714,1.04e-06,0.31,-4.397,0.0273,99.979,4
Sparks Fly,Speak Now (Deluxe Edition),Taylor Swift,2010-10-25,260933,56,0.605,0.0396,0.605,0.787,1.42e-06,0.163,-3.002,0.0308,114.987,4
Should've Said No,Taylor Swift,Taylor Swift,2006-10-24,242200,61,0.476,0.0103,0.476,0.777,0,0.196,-3.771,0.0289,167.964,4
Fifteen,Fearless Platinum Edition,Taylor Swift,2008-11-11,294346,49,0.559,0.0728,0.559,0.636,0,0.144,-4.4,0.0263,95.485,4
Getaway Car,reputation,Taylor Swift,2017-11-10,233626,72,0.562,0.00465,0.562,0.689,2.23e-06,0.0888,-6.745,0.127,172.054,4
Today Was A Fairytale - US Version,Today Was A Fairytale,Taylor Swift,2010-01-01,241813,44,0.485,0.0284,0.485,0.717,5.63e-06,0.14,-4.54,0.0321,158.047,4
Back To December,Speak Now (Deluxe Edition),Taylor Swift,2010-10-25,293026,56,0.529,0.117,0.529,0.67,0,0.334,-4.663,0.0303,141.893,4
Safe & Sound - from The Hunger Games Soundtrack,The Hunger Games: Songs From District 12 And Beyond,Various Artists,2012-01-01,240066,65,0.471,0.883,0.471,0.3,1.05e-05,0.0698,-10.807,0.028,144.319,4
Tim McGraw,Taylor Swift,Taylor Swift,2006-10-24,232106,61,0.58,0.575,0.58,0.491,0,0.121,-6.462,0.0251,76.009,4
Gorgeous,reputation,Taylor Swift,2017-11-10,209680,70,0.8,0.0713,0.8,0.535,9.48e-06,0.213,-6.684,0.135,92.027,4
I Did Something Bad,reputation,Taylor Swift,2017-11-10,238253,71,0.696,0.0679,0.696,0.602,2.11e-05,0.0696,-6.156,0.159,82.989,4
Donâ€™t Blame Me,reputation,Taylor Swift,2017-11-10,236413,70,0.615,0.106,0.615,0.534,1.76e-05,0.0607,-6.719,0.0386,135.917,4
So It Goes...,reputation,Taylor Swift,2017-11-10,227906,63,0.574,0.122,0.574,0.61,1.1e-06,0.13,-7.283,0.0732,74.957,4
King Of My Heart,reputation,Taylor Swift,2017-11-10,214320,66,0.675,0.00882,0.675,0.703,2.21e-06,0.0391,-7.902,0.0382,110.01,4
Dancing With Our Hands Tied,reputation,Taylor Swift,2017-11-10,211506,66,0.624,0.0604,0.624,0.691,1.1e-05,0.138,-6.686,0.196,160.024,4
Dress,reputation,Taylor Swift,2017-11-10,230373,66,0.719,0.0329,0.719,0.469,0,0.169,-8.792,0.0533,120.085,4
This Is Why We Can't Have Nice Things,reputation,Taylor Swift,2017-11-10,207133,64,0.567,0.0156,0.567,0.789,0,0.382,-5.986,0.115,163.96,4
Call It What You Want,reputation,Taylor Swift,2017-11-10,203506,68,0.598,0.186,0.598,0.504,0.000221,0.34,-9.874,0.0731,163.954,4
New Yearâ€™s Day,reputation,Taylor Swift,2017-11-10,235466,65,0.661,0.921,0.661,0.151,0,0.13,-12.864,0.0354,94.922,4
Welcome To New York,1989 (Deluxe Edition),Taylor Swift,2014-10-27,212600,53,0.789,0.0348,0.789,0.634,1.64e-06,0.302,-4.762,0.0323,116.992,4
All You Had To Do Was Stay,1989 (Deluxe Edition),Taylor Swift,2014-10-27,193293,54,0.605,0.00201,0.605,0.725,2.02e-05,0.101,-5.729,0.0323,96.97,4
I Wish You Would,1989 (Deluxe Edition),Taylor Swift,2014-10-27,207440,56,0.653,0.0158,0.653,0.893,4.95e-05,0.102,-5.966,0.0538,118.035,4
Bad Blood,1989 (Deluxe Edition),Taylor Swift,2014-10-27,211933,53,0.646,0.0885,0.646,0.794,6.16e-06,0.201,-6.104,0.19,170.216,4
How You Get The Girl,1989 (Deluxe Edition),Taylor Swift,2014-10-27,247533,56,0.765,0.00364,0.765,0.656,0.00868,0.0918,-6.112,0.0504,119.997,4
This Love,1989 (Deluxe Edition),Taylor Swift,2014-10-27,250093,57,0.481,0.678,0.481,0.435,0,0.0928,-8.795,0.0321,143.95,4
I Know Places,1989 (Deluxe Edition),Taylor Swift,2014-10-27,195706,57,0.602,0.245,0.602,0.755,0,0.178,-4.991,0.071,159.965,4
Clean,1989 (Deluxe Edition),Taylor Swift,2014-10-27,271000,60,0.815,0.232,0.815,0.377,0,0.1,-7.754,0.0346,103.97,4
Wonderland,1989 (Deluxe Edition),Taylor Swift,2014-10-27,245560,56,0.422,0.0493,0.422,0.692,2.57e-05,0.177,-5.447,0.0549,184.014,4
You Are In Love,1989 (Deluxe Edition),Taylor Swift,2014-10-27,267106,58,0.474,0.707,0.474,0.48,0.000108,0.0903,-8.894,0.0622,170.109,4
New Romantics,1989 (Deluxe Edition),Taylor Swift,2014-10-27,230466,61,0.633,0.00463,0.633,0.889,0.000458,0.0658,-5.87,0.0715,121.956,4
State Of Grace,Red (Deluxe Edition),Taylor Swift,2012-10-22,295186,56,0.588,0.000197,0.588,0.825,0.00138,0.0885,-5.882,0.0328,129.968,4
Red,Red (Deluxe Edition),Taylor Swift,2012-10-22,220826,58,0.602,0.0773,0.602,0.896,8.87e-05,0.091,-4.267,0.0437,124.978,4
Treacherous,Red (Deluxe Edition),Taylor Swift,2012-10-22,240773,55,0.705,0.101,0.705,0.621,4.3e-06,0.147,-8.086,0.0334,109.993,4
I Almost Do,Red (Deluxe Edition),Taylor Swift,2012-10-22,242573,56,0.567,0.0173,0.567,0.481,4.13e-05,0.182,-7.357,0.027,145.865,4
Stay Stay Stay,Red (Deluxe Edition),Taylor Swift,2012-10-22,204826,55,0.729,0.307,0.729,0.748,1.29e-06,0.09,-6.67,0.0245,99.981,4
The Last Time,Red (Deluxe Edition),Taylor Swift,2012-10-22,298293,57,0.505,0.035,0.505,0.443,3.15e-06,0.0921,-7.039,0.0276,94.069,4
Holy Ground,Red (Deluxe Edition),Taylor Swift,2012-10-22,201853,55,0.627,0.0162,0.627,0.816,0.00208,0.0966,-6.698,0.0774,157.043,4
Sad Beautiful Tragic,Red (Deluxe Edition),Taylor Swift,2012-10-22,283680,53,0.624,0.632,0.624,0.34,0.0337,0.121,-12.411,0.029,129.987,3
Everything Has Changed,Red (Deluxe Edition),Taylor Swift,2012-10-22,243933,55,0.624,0.36,0.624,0.458,3.89e-06,0.303,-6.755,0.0287,80.017,4
Starlight,Red (Deluxe Edition),Taylor Swift,2012-10-22,217826,53,0.649,0.0213,0.649,0.777,0.000335,0.221,-5.804,0.0406,126.018,4
Begin Again,Red (Deluxe Edition),Taylor Swift,2012-10-22,237613,53,0.53,0.199,0.53,0.526,3.52e-06,0.232,-8.349,0.0263,79.025,4
Come Back...Be Here,Red (Deluxe Edition),Taylor Swift,2012-10-22,222706,54,0.483,0.00471,0.483,0.548,2.01e-06,0.0997,-6.291,0.0254,79.926,4
Girl At Home,Red (Deluxe Edition),Taylor Swift,2012-10-22,220320,49,0.733,0.272,0.733,0.59,0,0.136,-5.86,0.0284,125.048,4
The Lucky One,Red (Deluxe Edition),Taylor Swift,2012-10-22,240133,53,0.706,0.0371,0.706,0.499,0,0.132,-7.675,0.0369,117.937,4
The Moment I Knew,Red (Deluxe Edition),Taylor Swift,2012-10-22,285560,53,0.62,0.187,0.62,0.506,1.47e-05,0.102,-7.327,0.0312,126.015,4
State Of Grace - Acoustic Version,Red (Deluxe Edition),Taylor Swift,2012-10-22,323080,51,0.626,0.664,0.626,0.118,0.000169,0.127,-15.91,0.0305,105.597,4
Treacherous - Original Demo Recording,Red (Deluxe Edition),Taylor Swift,2012-10-22,239720,47,0.828,0.175,0.828,0.64,6.14e-05,0.0996,-8.248,0.0355,109.993,4
Red - Original Demo Recording,Red (Deluxe Edition),Taylor Swift,2012-10-22,226280,46,0.678,0.113,0.678,0.902,0.000235,0.0722,-4.659,0.0358,124.998,4
Dear John,Speak Now (Deluxe Edition),Taylor Swift,2010-10-25,403920,60,0.589,0.166,0.589,0.47,1.45e-06,0.112,-5.32,0.028,119.386,3
Never Grow Up,Speak Now (Deluxe Edition),Taylor Swift,2010-10-25,290466,54,0.714,0.819,0.714,0.305,0,0.174,-8.837,0.0305,124.91,4
Enchanted,Speak Now (Deluxe Edition),Taylor Swift,2010-10-25,352186,54,0.455,0.0739,0.455,0.623,0.000424,0.146,-3.878,0.0288,163.893,4
Better Than Revenge,Speak Now (Deluxe Edition),Taylor Swift,2010-10-25,217160,60,0.516,0.0139,0.516,0.917,6.37e-06,0.36,-3.186,0.0827,145.821,4
Innocent,Speak Now (Deluxe Edition),Taylor Swift,2010-10-25,302253,48,0.552,0.186,0.552,0.608,0,0.125,-5.29,0.0259,134.05,4
Haunted,Speak Now (Deluxe Edition),Taylor Swift,2010-10-25,242080,54,0.436,0.0826,0.436,0.95,1.08e-06,0.149,-2.627,0.057,162.088,4
Last Kiss,Speak Now (Deluxe Edition),Taylor Swift,2010-10-25,367133,57,0.371,0.57,0.371,0.341,3.09e-05,0.101,-9.475,0.0319,89.038,1
Long Live,Speak Now (Deluxe Edition),Taylor Swift,2010-10-25,317453,53,0.418,0.036,0.418,0.68,7.59e-05,0.114,-4.3,0.0347,204.12,4
If This Was A Movie,Speak Now (Deluxe Edition),Taylor Swift,2010-10-25,234546,52,0.511,0.166,0.511,0.719,4.54e-06,0.34,-3.457,0.0265,147.852,4
Superman,Speak Now (Deluxe Edition),Taylor Swift,2010-10-25,275960,48,0.582,0.0268,0.582,0.765,1.95e-06,0.103,-3.648,0.0324,131.982,4
Back To December - Acoustic Version,Speak Now (Deluxe Edition),Taylor Swift,2010-10-25,292560,53,0.541,0.748,0.541,0.453,0,0.2,-6.459,0.0266,141.757,4
Haunted - Acoustic Version,Speak Now (Deluxe Edition),Taylor Swift,2010-10-25,217613,48,0.563,0.842,0.563,0.443,0,0.293,-5.078,0.0247,80.962,4
Mine - POP Mix,Speak Now (Deluxe Edition),Taylor Swift,2010-10-25,230333,46,0.695,0.00727,0.695,0.723,1.2e-06,0.1,-3.806,0.0285,121.011,4
Jump Then Fall,Fearless Platinum Edition,Taylor Swift,2008-11-11,237066,49,0.618,0.111,0.618,0.687,0,0.0693,-5.737,0.0271,79.991,4
Untouchable,Fearless Platinum Edition,Taylor Swift,2008-11-11,311040,49,0.419,0.0583,0.419,0.454,3.78e-06,0.0974,-6.809,0.0335,200.017,4
Forever & Always - Piano Version,Fearless Platinum Edition,Taylor Swift,2008-11-11,267506,50,0.592,0.852,0.592,0.16,0,0.116,-10.785,0.0347,118.929,4
Come In With The Rain,Fearless Platinum Edition,Taylor Swift,2008-11-11,238106,48,0.527,0.0868,0.527,0.475,4.34e-06,0.248,-6.205,0.0258,143.962,4
SuperStar,Fearless Platinum Edition,Taylor Swift,2008-11-11,261453,46,0.61,0.367,0.61,0.531,0,0.351,-6.123,0.0239,85.979,4
The Other Side Of The Door,Fearless Platinum Edition,Taylor Swift,2008-11-11,237600,48,0.476,0.169,0.476,0.816,0,0.238,-4.279,0.0347,163.847,4
Hey Stephen,Fearless Platinum Edition,Taylor Swift,2008-11-11,254320,48,0.843,0.168,0.843,0.553,2.66e-06,0.107,-7.348,0.0317,115.997,4
Breathe,Fearless Platinum Edition,Taylor Swift,2008-11-11,263986,52,0.498,0.373,0.498,0.486,0,0.113,-7.384,0.0273,147.952,4
Tell Me Why,Fearless Platinum Edition,Taylor Swift,2008-11-11,200560,46,0.601,0.0606,0.601,0.852,3.41e-06,0.37,-3.096,0.0386,100.015,4
You're Not Sorry,Fearless Platinum Edition,Taylor Swift,2008-11-11,261800,48,0.459,0.13,0.459,0.459,2.3e-06,0.113,-4.126,0.0275,134.018,4
The Way I Loved You,Fearless Platinum Edition,Taylor Swift,2008-11-11,244240,52,0.436,0.0322,0.436,0.712,0,0.111,-3.689,0.0329,160.886,4
Forever & Always,Fearless Platinum Edition,Taylor Swift,2008-11-11,225333,49,0.605,0.0907,0.605,0.829,0,0.106,-4.993,0.0549,128.012,4
The Best Day,Fearless Platinum Edition,Taylor Swift,2008-11-11,245346,46,0.664,0.611,0.664,0.447,1e-06,0.139,-8.535,0.0292,126.079,4
Change,Fearless Platinum Edition,Taylor Swift,2008-11-11,281053,45,0.548,0.00471,0.548,0.756,0,0.117,-4.175,0.036,96.038,4
A Place in this World,Taylor Swift,Taylor Swift,2006-10-24,199200,50,0.576,0.051,0.576,0.777,0,0.32,-2.881,0.0324,115.028,4
Cold As You,Taylor Swift,Taylor Swift,2006-10-24,239013,51,0.418,0.217,0.418,0.482,0,0.123,-5.769,0.0266,175.558,4
The Outside,Taylor Swift,Taylor Swift,2006-10-24,207106,48,0.589,0.00491,0.589,0.805,0,0.24,-4.055,0.0293,112.982,4
Tied Together with a Smile,Taylor Swift,Taylor Swift,2006-10-24,248106,49,0.479,0.525,0.479,0.578,0,0.0841,-4.963,0.0294,146.165,4
Stay Beautiful,Taylor Swift,Taylor Swift,2006-10-24,236053,50,0.594,0.0868,0.594,0.629,0,0.137,-4.919,0.0246,131.597,4
Mary's Song (Oh My My My),Taylor Swift,Taylor Swift,2006-10-24,213080,52,0.403,0.0177,0.403,0.627,0,0.182,-5.28,0.0292,74.9,4
I'm Only Me When I'm With You,Taylor Swift,Taylor Swift,2006-10-24,213053,52,0.563,0.00452,0.563,0.934,0.000807,0.103,-3.629,0.0646,143.964,4
Invisible,Taylor Swift,Taylor Swift,2006-10-24,203226,49,0.612,0.637,0.612,0.394,0,0.147,-5.723,0.0243,96.001,4
A Perfectly Good Heart,Taylor Swift,Taylor Swift,2006-10-24,220146,47,0.483,0.00349,0.483,0.751,0,0.128,-5.726,0.0365,156.092,4
Teardrops on My Guitar - Pop Version,Taylor Swift,Taylor Swift,2006-10-24,179066,49,0.459,0.0402,0.459,0.753,0,0.0863,-3.827,0.0537,199.997,4
Ronan,Ronan,Taylor Swift,2012-09-08,265306,47,0.565,0.646,0.565,0.255,0,0.127,-10.152,0.0314,57.964,4
Delicate - Recorded at The Tracking Room Nashville,Spotify Singles,Taylor Swift,2018-04-13,228460,51,0.664,0.577,0.664,0.447,0,0.0968,-8.404,0.0341,90.976,4
September - Recorded at The Tracking Room Nashville,Spotify Singles,Taylor Swift,2018-04-13,187823,55,0.641,0.412,0.641,0.444,0.00121,0.179,-6.482,0.0239,107.081,4
"Sweeter Than Fiction - From ""One Chance"" Soundtrack",Sweeter Than Fiction,Taylor Swift,2013-10-21,237640,47,0.71,0.00164,0.71,0.614,0.000154,0.0785,-6.965,0.0366,135.012,4
Eyes Open,The Hunger Games: Songs From District 12 And Beyond,Various Artists,2012-01-01,244586,49,0.598,0.00678,0.598,0.724,0.00182,0.0839,-7.225,0.0345,137.115,4
Back To December/Apologize/You're Not Sorry - Live/2011/Medley,Speak Now World Tour Live,Taylor Swift,2010-10-25,362826,45,0.374,0.155,0.374,0.516,0,0.795,-8.745,0.0294,142.057,4
Bette Davis Eyes - Live/2011,Speak Now World Tour Live,Taylor Swift,2010-10-25,189146,43,0.327,0.713,0.327,0.488,0,0.837,-9.287,0.0322,104.46,4
I Want You Back - Live/2011,Speak Now World Tour Live,Taylor Swift,2010-10-25,83253,40,0.536,0.794,0.536,0.512,0.000122,0.497,-6.794,0.0341,97.397,4
Ours - Live/2011,Speak Now World Tour Live,Taylor Swift,2010-10-25,245973,41,0.421,0.715,0.421,0.355,0,0.867,-10.21,0.0298,77.769,4
Last Kiss - Live/2011,Speak Now World Tour Live,Taylor Swift,2010-10-25,369066,41,0.427,0.205,0.427,0.395,8.73e-06,0.701,-12.551,0.0291,79.517,3
Haunted - Live/2011,Speak Now World Tour Live,Taylor Swift,2010-10-25,292426,40,0.338,0.0245,0.338,0.818,0,0.889,-7.495,0.0496,162.157,4
Long Live - Live/2011,Speak Now World Tour Live,Taylor Swift,2010-10-25,376466,41,0.544,0.0053,0.544,0.728,0,0.865,-5.838,0.0282,101.939,4
Sparks Fly - Live/2011,Speak Now World Tour Live,Taylor Swift,2010-10-25,336826,43,0.455,0.00917,0.455,0.783,0,0.918,-5.184,0.0393,114.981,4
Mine - Live/2011,Speak Now World Tour Live,Taylor Swift,2010-10-25,259279,41,0.496,0.00233,0.496,0.852,0,0.554,-4.775,0.0373,120.969,4
The Story Of Us - Live,Speak Now World Tour Live,Taylor Swift,2010-10-25,290520,42,0.419,0.00048,0.419,0.908,0,0.815,-5.156,0.0651,139.813,4
Dear John - Live/2011,Speak Now World Tour Live,Taylor Swift,2010-10-25,404680,42,0.521,0.0157,0.521,0.386,0,0.884,-8.784,0.0301,119.518,3
Mean - Live/2011,Speak Now World Tour Live,Taylor Swift,2010-10-25,246373,41,0.429,0.154,0.429,0.915,0,0.693,-4.373,0.069,163.752,4
Better Than Revenge - Live/2011,Speak Now World Tour Live,Taylor Swift,2010-10-25,344573,41,0.445,0.00306,0.445,0.887,2.67e-05,0.931,-5.629,0.0768,145.954,4
Enchanted - Live/2011,Speak Now World Tour Live,Taylor Swift,2010-10-25,389213,42,0.34,0.0747,0.34,0.663,2.34e-06,0.563,-5.597,0.0331,163.678,4
Speak Now - Live/2011,Speak Now World Tour Live,Taylor Swift,2010-10-25,248146,41,0.615,0.0636,0.615,0.694,1.28e-06,0.83,-5.251,0.0318,118.876,4
Drops Of Jupiter - Live/2011,Speak Now World Tour Live,Taylor Swift,2010-10-25,315173,46,0.374,0.806,0.374,0.504,0,0.76,-8.407,0.0392,109.025,5
Delicate - Seeb Remix,Delicate (Seeb Remix),Taylor Swift,2018-06-08,173265,52,0.68,0.0956,0.68,0.821,0.00315,0.0826,-3.77,0.041,105.986,4
...Ready For It? - BloodPop¨ Remix,...Ready For It? (BloodPop¨ Remix),Taylor Swift,2017-12-01,189508,48,0.582,0.133,0.582,0.835,0,0.102,-4.899,0.222,160.09,4
Delicate - Sawyr And Ryan Tedder Mix,Delicate (Sawyr And Ryan Tedder Mix),Taylor Swift,2018-05-25,184281,41,0.692,0.0242,0.692,0.552,0.000671,0.0955,-7.41,0.0407,102.001,4
Babe,Bigger,Sugarland,2018-06-08,215106,61,0.535,0.0187,0.535,0.777,1.62e-06,0.136,-3.292,0.207,171.72,4
Big Star (with Taylor Swift) - Live,Live in No Shoes Nation,Kenny Chesney,2017-10-27,306506,40,0.557,0.00761,0.557,0.978,2.42e-06,0.951,-4.819,0.0584,119.992,4
Highway Don't Care,Two Lanes Of Freedom (Accelerated Deluxe),Tim McGraw,2013-01-01,278453,40,0.477,0.0261,0.477,0.79,0,0.0841,-5.348,0.0394,157.797,4
Both of Us (feat. Taylor Swift),Strange Clouds,B.o.B,2012-04-27,216120,55,0.677,0.0213,0.677,0.722,0,0.207,-7.088,0.0522,125.091,4
Two Is Better Than One (feat. Taylor Swift),Love Drunk,Boys Like Girls,2009-09-07,242840,64,0.521,0.189,0.521,0.702,0,0.0962,-5.189,0.0331,127.976,4
Crazier,Hannah Montana The Movie,Various Artists,2009-01-01,191946,60,0.452,0.0631,0.452,0.544,5.33e-06,0.104,-5.423,0.0277,133.042,3
Should've Said No - The 3D Concert Experience,Music from the 3D Concert Experience,Jonas Brothers,2009-01-01,253800,35,0.355,0.015,0.355,0.984,4.55e-06,0.875,-2.549,0.0672,168.133,4
Last Christmas,The Taylor Swift Holiday Collection,Taylor Swift,2008-12-02,208253,59,0.702,0.31,0.702,0.77,0,0.149,-5.319,0.0372,116.009,4
Christmases When You Were Mine,The Taylor Swift Holiday Collection,Taylor Swift,2008-12-02,184253,46,0.625,0.646,0.625,0.206,0,0.0915,-12.568,0.0285,79.466,4
Santa Baby,The Taylor Swift Holiday Collection,Taylor Swift,2008-12-02,158600,54,0.759,0.159,0.759,0.509,0,0.153,-6.593,0.0271,107.948,4
Silent Night,The Taylor Swift Holiday Collection,Taylor Swift,2008-12-02,209893,45,0.423,0.621,0.423,0.311,0,0.0987,-7.581,0.0319,119.546,3
Christmas Must Be Something More,The Taylor Swift Holiday Collection,Taylor Swift,2008-12-02,232146,47,0.689,0.298,0.689,0.793,0,0.107,-4.838,0.0356,122.879,4
White Christmas,The Taylor Swift Holiday Collection,Taylor Swift,2008-12-02,154000,45,0.562,0.587,0.562,0.392,0,0.224,-9.014,0.0287,145.792,4
